<?xml version="1.0" encoding="UTF-8"?>
<project-private xmlns="http://www.netbeans.org/ns/project-private/1">
    <data xmlns="http://www.netbeans.org/ns/make-project-private/1">
        <activeConfTypeElem>1</activeConfTypeElem>
        <activeConfIndexElem>0</activeConfIndexElem>
    </data>
    <editor-bookmarks xmlns="http://www.netbeans.org/ns/editor-bookmarks/2" lastBookmarkId="0"/>
    <open-files xmlns="http://www.netbeans.org/ns/projectui-open-files/2">
        <group>
            <file>file:/C:/Users/User/Documents/GitHub/COMP10050/JE%20Raw%20Files/game_init.c</file>
            <file>file:/C:/Users/User/Documents/GitHub/COMP10050/JE%20Raw%20Files/game_init.h</file>
            <file>file:/C:/Users/User/Documents/GitHub/COMP10050/JE%20Raw%20Files/game_logic.c</file>
            <file>file:/C:/Users/User/Documents/GitHub/COMP10050/JE%20Raw%20Files/game_logic.h</file>
            <file>file:/C:/Users/User/Documents/GitHub/COMP10050/JE%20Raw%20Files/main1.c</file>
        </group>
    </open-files>
</project-private>
