<?xml version="1.0" encoding="UTF-8"?>
<configurationDescriptor version="100">
  <logicalFolder name="root" displayName="root" projectFiles="true" kind="ROOT">
    <logicalFolder name="HeaderFiles"
                   displayName="Header Files"
                   projectFiles="true">
      <itemPath>../../GitHub/COMP10050/JE Raw Files/game_init.h</itemPath>
      <itemPath>../../GitHub/COMP10050/JE Raw Files/game_logic.h</itemPath>
    </logicalFolder>
    <logicalFolder name="ResourceFiles"
                   displayName="Resource Files"
                   projectFiles="true">
    </logicalFolder>
    <logicalFolder name="SourceFiles"
                   displayName="Source Files"
                   projectFiles="true">
      <itemPath>../../GitHub/COMP10050/JE Raw Files/game_init.c</itemPath>
      <itemPath>../../GitHub/COMP10050/JE Raw Files/game_logic.c</itemPath>
      <itemPath>../../GitHub/COMP10050/JE Raw Files/main1.c</itemPath>
    </logicalFolder>
    <logicalFolder name="TestFiles"
                   displayName="Test Files"
                   projectFiles="false"
                   kind="TEST_LOGICAL_FOLDER">
    </logicalFolder>
    <logicalFolder name="ExternalFiles"
                   displayName="Important Files"
                   projectFiles="false"
                   kind="IMPORTANT_FILES_FOLDER">
      <itemPath>Makefile</itemPath>
    </logicalFolder>
  </logicalFolder>
  <sourceRootList>
    <Elem>../../GitHub/COMP10050/JE Raw Files</Elem>
  </sourceRootList>
  <projectmakefile>Makefile</projectmakefile>
  <confs>
    <conf name="Debug" type="1">
      <toolsSet>
        <compilerSet>default</compilerSet>
        <dependencyChecking>true</dependencyChecking>
        <rebuildPropChanged>false</rebuildPropChanged>
      </toolsSet>
      <compileType>
      </compileType>
      <item path="../../GitHub/COMP10050/JE Raw Files/game_init.c"
            ex="false"
            tool="0"
            flavor2="0">
      </item>
      <item path="../../GitHub/COMP10050/JE Raw Files/game_init.h"
            ex="false"
            tool="3"
            flavor2="0">
      </item>
      <item path="../../GitHub/COMP10050/JE Raw Files/game_logic.c"
            ex="false"
            tool="0"
            flavor2="0">
      </item>
      <item path="../../GitHub/COMP10050/JE Raw Files/game_logic.h"
            ex="false"
            tool="3"
            flavor2="0">
      </item>
      <item path="../../GitHub/COMP10050/JE Raw Files/main1.c"
            ex="false"
            tool="0"
            flavor2="0">
      </item>
    </conf>
    <conf name="Release" type="1">
      <toolsSet>
        <compilerSet>default</compilerSet>
        <dependencyChecking>true</dependencyChecking>
        <rebuildPropChanged>false</rebuildPropChanged>
      </toolsSet>
      <compileType>
        <cTool>
          <developmentMode>5</developmentMode>
        </cTool>
        <ccTool>
          <developmentMode>5</developmentMode>
        </ccTool>
        <fortranCompilerTool>
          <developmentMode>5</developmentMode>
        </fortranCompilerTool>
        <asmTool>
          <developmentMode>5</developmentMode>
        </asmTool>
      </compileType>
      <item path="../../GitHub/COMP10050/JE Raw Files/game_init.c"
            ex="false"
            tool="0"
            flavor2="0">
      </item>
      <item path="../../GitHub/COMP10050/JE Raw Files/game_init.h"
            ex="false"
            tool="3"
            flavor2="0">
      </item>
      <item path="../../GitHub/COMP10050/JE Raw Files/game_logic.c"
            ex="false"
            tool="0"
            flavor2="0">
      </item>
      <item path="../../GitHub/COMP10050/JE Raw Files/game_logic.h"
            ex="false"
            tool="3"
            flavor2="0">
      </item>
      <item path="../../GitHub/COMP10050/JE Raw Files/main1.c"
            ex="false"
            tool="0"
            flavor2="0">
      </item>
    </conf>
  </confs>
</configurationDescriptor>
